"university","men_22","all_students_22","men_21","all_students_21","men_20","all_students_20","delta_22","mean_age_w_22","mean_age_m_22","mean_age_w_21","mean_age_m_21","mean_age_w_20","mean_age_m_20","all_students_23","men_23","mean_age_w_23","mean_age_m_23","delta_23"
"Національний університет ""Львівська політехніка""",4613,6349,1609,2825,1897,3198,187,18,25,18,19,18,19,7430,5347,18,26,16
"Західноукраїнський національний університет",3807,4655,922,1727,985,1640,313,20,29,20,22,19,20,4955,4018,20,28,6
"Чернівецький національний університет ім. Ю. Федьковича",2511,3622,740,1523,853,1734,239,19,25,18,19,19,19,3075,1873,18,24,-25
"Прикарпатський національний університет ім. В. Стефаника",2022,3464,693,1921,605,1769,192,19,25,18,18,18,19,3194,1683,18,24,-17
"Львівський національний університет ім. І. Франка",1572,3460,1217,3225,1124,2904,29,18,22,18,19,18,19,3518,1407,18,21,-10
"Державний вищий навчальний заклад ""Ужгородський національний університет""",2275,3424,875,1678,861,1690,160,19,26,18,19,19,19,2245,1309,18,23,-42
"Київський національний університет ім. Т. Шевченка",1599,3296,1784,3941,1760,3641,-10,19,21,19,19,19,19,3175,1513,19,22,-5
"Запорізький національний університет",2349,3195,687,1489,943,1988,242,20,29,18,20,19,20,2807,2173,21,30,-7
"Державний торговельно-економічний університет",1563,3013,1314,2825,1456,3199,19,18,20,18,18,18,18,3199,1783,18,21,14
"Національний університет ""Запорізька політехніка""",2593,2928,601,1038,539,934,331,24,31,18,19,19,19,2330,2002,23,30,-23
"Національний університет біоресурсів і природокористування України",2022,2812,1056,1889,1174,2058,91,20,25,18,18,19,19,3899,3036,19,29,50
"Луцький національний технічний університет",2032,2551,375,580,370,588,442,19,25,18,19,18,19,3080,2469,18,26,22
"""Європейський університет""",2172,2520,593,875,263,336,266,20,28,18,20,20,22,1851,1621,19,30,-25
"Національний технічний університет ""Дніпровська політехніка""",2066,2492,692,1133,687,1020,199,19,26,18,19,18,19,3846,3471,19,31,68
"Національний авіаційний університет",1479,2488,1565,2840,1537,2601,-5,19,21,18,19,18,19,2971,1890,19,24,28
"Київський національний економічний університет ім. В. Гетьмана",1136,2274,1050,2199,1049,1964,8,18,20,18,18,18,18,1863,989,18,23,-13
"Національний університет ""Одеська юридична академія""",1094,2232,903,2334,1086,2649,21,18,22,18,18,18,18,5039,2216,19,21,103
"Волинський національний університет ім. Лесі Українки",1159,2216,446,1217,402,1132,160,20,26,19,19,19,20,2322,1097,20,27,-5
"Івано-Франківський національний технічний університет нафти і газу",1980,2186,391,558,580,746,406,19,28,18,18,18,19,1549,1366,19,25,-31
"Державний університет телекомунікацій",1750,2055,999,1300,866,1103,75,21,23,20,19,18,19,2649,2357,22,27,35
"Національний технічний університет ""Харківський політехнічний інститут""",1821,2023,1068,1485,930,1345,71,23,29,19,20,19,20,2553,2138,25,29,17
"Сумський національний аграрний університет",1606,1886,332,485,381,572,384,22,29,22,22,20,21,2471,2165,22,32,35
"""Київський університет культури""",1040,1847,389,1067,578,1520,167,19,25,18,19,18,18,1303,646,18,25,-38
"Державний університет ""Житомирська політехніка""",1299,1835,565,964,517,932,130,19,24,18,19,18,19,2240,1711,19,27,32
"Національний технічний університет України «Київський політехнічний інститут ім. Ігоря Сікорського»",1200,1785,1177,1860,1232,1825,2,19,21,18,19,18,19,1993,1250,18,22,4
"Харківський національний університет ім. В. Каразіна",1055,1783,1344,3158,1342,2767,-22,20,26,18,19,19,19,2161,1360,20,29,29
"Хмельницький національний університет",1253,1747,544,949,623,1032,130,19,23,19,19,19,20,2028,1516,19,25,21
"ПрАТ ""Вищий навчальний заклад ""Міжрегіональна Академія управління персоналом""",1314,1664,319,563,303,566,312,19,30,19,21,19,20,2278,1928,20,32,47
"Національний університет ""Полтавська політехніка ім. Ю. Кондратюка""",1105,1599,536,804,536,800,106,19,23,19,20,19,20,2123,1553,19,26,41
"Львівський національний університет природокористування",1467,1596,205,259,276,374,616,19,25,19,19,18,19,2113,1997,19,27,36
"Міжнародний гуманітарний університет",747,1517,346,1124,418,1187,116,20,25,19,19,18,20,1475,817,21,29,9
"Полтавський державний аграрний університет",1199,1511,338,517,561,854,255,20,26,19,20,19,20,1887,1620,20,29,35
"Національний університет водного господарства та природокористування",1118,1492,261,432,295,513,328,19,24,19,19,19,20,2103,1655,18,26,48
"Центральноукраїнський національний технічний університет",1256,1464,476,623,287,397,164,24,27,24,25,21,22,2096,1895,24,31,51
"""Класичний приватний університет""",1315,1459,252,348,243,343,422,26,32,22,22,22,21,1372,1276,28,34,-3
"Київський університет ім. Б. Грінченка",515,1456,425,1476,421,1384,21,19,21,18,19,19,19,1511,507,18,22,-2
"Вінницький національний технічний університет",1262,1452,546,678,471,572,131,19,23,20,19,18,19,1475,1288,19,24,2
"Національний лісотехнічний університет України",1243,1428,176,225,144,171,606,18,25,19,19,18,19,1715,1420,18,26,14
"Дніпровський національний університет ім. О. Гончара",667,1424,422,1065,506,1170,58,19,22,19,20,19,20,1852,938,19,22,41
"Тернопільський національний технічний університет ім. І. Пулюя",1259,1422,495,623,445,574,154,19,25,19,19,19,20,1727,1579,19,27,25
"Дніпровський державний аграрно-економічний університет",1082,1415,299,578,401,793,262,20,27,18,19,19,20,1614,1355,19,29,25
"Харківський національний автомобільно-дорожній університет",1287,1412,447,556,576,698,188,23,28,19,22,20,21,1812,1702,23,31,32
"Київський національний університет технологій та дизайну",763,1392,462,995,491,1059,65,20,23,18,19,18,19,1623,946,18,26,24
"Національний університет кораблебудування ім. адмірала Макарова",1222,1387,589,791,558,786,107,26,27,20,22,20,23,1367,1245,22,31,2
"Університет митної справи та фінансів",689,1331,454,948,510,1093,52,18,21,18,19,18,18,1444,750,18,22,9
"Харківський національний університет радіоелектроніки",1215,1307,1223,1494,1048,1248,-1,21,27,18,19,19,20,1167,1059,21,26,-13
"Національний педагогічний університет ім. М. Драгоманова",587,1274,391,1283,442,1393,50,20,27,19,20,19,20,1456,760,19,29,29
"Національний транспортний університет",1062,1265,660,929,835,1193,61,18,21,18,19,18,19,1563,1306,18,23,23
"Одеський національний університет ім. І. І. Мечникова",463,1248,371,1074,342,998,25,19,23,19,19,18,19,1157,514,19,27,11
"Національний медичний університет ім. О. Богомольця",359,1236,545,1408,379,955,-34,19,20,18,19,18,19,769,203,18,21,-43
"Київський національний університет будівництва і архітектури",771,1193,492,929,503,869,57,19,23,18,19,18,20,1957,1405,19,29,82
"Заклад вищої освіти ""Університет Короля Данила""",924,1178,228,366,192,330,305,18,28,18,22,18,19,985,708,18,28,-23
"Білоцерківський національний аграрний університет",869,1164,307,469,541,835,183,19,23,18,21,20,20,1758,1530,19,28,76
"Вінницький національний аграрний університет",978,1157,388,600,566,836,152,18,22,18,18,18,19,1546,1318,18,24,35
"Уманський державний педагогічний університет ім. П. Тичини",714,1152,283,569,330,804,152,22,25,20,23,20,22,1120,766,22,28,7
"Черкаський національний університет ім. Б. Хмельницького",620,1145,355,807,383,924,75,21,24,19,19,19,19,1507,850,19,26,37
"Черкаський державний технологічний університет",931,1137,275,438,311,480,239,20,25,20,21,21,21,1249,1043,21,27,12
"Львівський національний університет ветеринарної медицини та біотехнологій ім. С. З. Гжицького",912,1132,216,442,233,468,322,20,27,19,19,18,19,1020,835,18,26,-8
"Сумський державний університет",847,1125,534,1001,544,1002,59,20,28,19,20,19,20,1016,742,20,29,-12
"Українська інженерно-педагогічна академія",919,1116,290,505,259,407,217,24,30,20,20,20,21,1152,922,21,30,0
"Харківський національний економічний університет ім. Семена Кузнеця",771,1107,805,1709,755,1730,-4,21,28,18,20,18,19,1879,1169,24,28,52
"Національний університет ""Чернігівська політехніка""",828,1092,415,746,542,998,100,20,26,20,20,19,20,1207,931,20,27,12
"Національний університет ""Одеська політехніка""",877,1080,570,840,444,673,54,19,24,18,19,18,19,1301,1104,19,28,26
"Одеський національний технологічний університет",807,1072,261,479,347,655,209,19,26,19,19,19,20,1718,1502,19,31,86
"Поліський національний університет",805,1047,321,496,417,630,151,19,23,20,20,19,20,1240,972,18,27,21
"Національний юридичний університет ім. Ярослава Мудрого",598,1046,656,1488,571,1191,-9,19,23,18,19,18,19,1531,821,19,23,37
"Одеський національний морський університет",700,1039,647,1105,732,1251,8,19,22,18,20,18,20,1002,677,19,23,-3
"Український державний університет залізничного транспорту",957,1037,102,165,175,284,838,22,31,18,19,18,19,2123,2033,21,33,112
"Вінницький державний педагогічний університет ім. М. Коцюбинського",463,1035,189,630,262,747,145,20,24,19,19,19,20,1011,480,19,26,4
"Заклад вищої освіти «Подільський державний університет»",959,1034,161,232,216,291,496,22,27,23,21,22,21,1307,1251,21,28,30
"Полтавський національний педагогічний університет ім. В. Короленка",556,1005,142,450,282,730,292,22,26,21,22,20,21,949,612,21,28,10
"Тернопільський національний педагогічний університет ім. В. Гнатюка",611,1005,150,533,152,480,307,19,27,19,20,18,19,991,620,19,28,1
"Придніпровська державна академія будівництва та архітектури",810,997,152,224,163,240,433,20,28,19,20,19,21,1100,945,19,32,17
"Уманський національний університет садівництва",819,993,238,397,262,414,244,21,28,21,22,19,20,1629,1436,22,30,75
"""Міжнародний економіко-гуманітарний університет ім. акад. С. Дем'янчука""",818,988,157,346,221,498,421,21,28,18,20,18,19,1975,1780,21,31,118
"Вищий навчальний заклад ""Університет економіки та права ""КРОК""",692,985,541,895,506,832,28,17,23,18,19,17,19,1216,838,17,25,21
"Заклад вищої освіти «Відкритий міжнародний університет розвитку людини «Україна»",846,983,432,607,392,582,96,23,27,21,22,22,21,1040,914,27,30,8
"Харківський національний університет міського господарства ім. О. Бекетова",730,974,466,1003,513,1204,57,21,28,18,21,18,19,1346,1035,21,30,42
"Національний університет фізичного виховання і спорту України",683,956,538,768,698,989,27,23,21,21,19,22,20,793,585,22,22,-14
"Чернівецький торговельно-економічний інститут Державного торговельно-економічного університету",864,949,70,117,85,151,1134,21,32,18,20,19,20,657,574,19,29,-34
"Вінницький торговельно-економічний інститут Державного торговельно-економічного університету",554,940,249,589,251,598,122,18,23,18,19,18,19,1286,748,18,25,35
"Університет Григорія Сковороди в Переяславі",709,922,291,437,262,478,144,25,27,23,23,22,22,1352,1188,27,31,68
"Українська академія друкарства",794,896,93,176,97,163,754,19,28,17,19,17,19,1092,966,18,30,22
"""Луганський національний університет ім. Т. Шевченка""",582,893,201,352,228,425,190,27,29,24,25,24,23,1199,974,28,32,67
"Львівський торговельно-економічний університет",566,881,377,671,278,453,50,18,24,18,18,18,19,904,621,18,24,10
"Національна академія внутрішніх справ",291,867,234,659,188,446,24,18,19,18,18,18,18,1142,329,18,18,13
"Державний податковий університет",626,850,298,683,313,668,110,18,26,18,18,18,19,1121,863,19,26,38
"Національний аерокосмічний університет ім. М. Є. Жуковського ""Харківський авіаційний інститут""",741,821,467,662,372,531,59,21,29,18,20,18,20,1044,902,20,29,22
"Дрогобицький державний педагогічний університет ім. І. Франка",524,819,92,295,138,394,470,23,27,22,20,21,20,799,563,23,27,7
"Полтавський університет економіки і торгівлі",537,813,443,706,418,804,21,19,23,19,21,18,20,1001,753,19,28,40
"Кременчуцький національний університет ім. М. Остроградського",579,797,196,333,303,533,195,22,23,20,21,20,21,1156,952,19,28,64
"Мукачівський державний університет",471,793,80,357,95,343,489,22,28,19,19,20,22,721,456,20,29,-3
"Заклад вищої освіти “Український католицький університет”",336,792,300,766,276,773,12,21,24,21,22,21,21,772,280,21,23,-17
"«Південноукраїнський національний педагогічний університет ім. К. Ушинського»",241,789,207,704,213,652,16,22,25,19,21,20,21,862,357,22,27,48
"Сумський державний педагогічний університет ім. А.С. Макаренка",519,780,152,364,184,400,241,25,28,21,22,21,22,705,506,25,31,-3
"Івано-Франківський національний медичний університет",285,760,421,885,304,679,-32,18,19,18,19,18,19,474,140,17,19,-51
"Національний університет ""Києво-Могилянська академія""",334,756,348,901,364,937,-4,20,23,20,22,20,22,828,305,20,22,-9
"Національний університет ""Чернігівський колегіум"" ім. Т.Г. Шевченка",513,725,79,207,128,287,549,23,28,20,19,19,19,1228,1016,23,33,98
"Відокремлений підрозділ Національного університету біоресурсів і природокористування України ""Бережанський агротехнічний інститут""",684,719,71,89,134,158,863,23,27,22,24,23,22,701,674,25,29,-1
"Східноукраїнський національний університет ім. В. Даля",592,706,113,185,182,297,424,28,29,20,22,21,22,1247,1090,24,32,84
"Тернопiльський національний медичний університет ім. I. Горбачевського",299,701,471,951,275,597,-37,19,20,19,20,19,19,327,121,19,21,-60
"Житомирський державний університет ім. І. Франка",248,696,113,440,100,381,119,22,24,20,21,19,21,878,409,22,26,65
"Національний університет харчових технологій",470,696,366,752,403,755,28,18,24,17,18,18,19,1103,854,18,28,82
"Львівський державний університет безпеки життєдіяльності",397,694,312,555,235,423,27,18,20,18,18,18,18,869,504,17,19,27
"Дніпровський державний технічний університет",594,691,95,126,105,141,525,24,28,21,25,25,21,623,536,28,29,-10
"Дніпропетровський державний університет внутрішніх справ",328,689,203,529,235,548,62,18,20,18,19,18,19,634,274,18,21,-16
"Харківський національний педагогічний університет ім. Г. Сковороди",391,683,183,772,223,797,114,23,30,21,23,20,22,710,408,22,29,4
"Державний університет інфраструктури та технологій",603,680,313,382,327,415,93,19,24,18,22,20,21,1007,912,19,30,51
"Львівський державний університет внутрішніх справ",260,676,199,611,184,512,31,18,22,18,18,18,18,712,212,18,21,-18
"Вінницький національний медичний університет ім. М. Пирогова",209,658,415,814,273,533,-50,18,19,19,19,18,20,471,128,18,19,-39
"Одеський державний аграрний університет",479,646,149,324,193,407,221,20,31,20,21,19,20,720,638,19,32,33
"Заклад вищої освіти ""Міжнародний науково-технічний університет ім. акад. Ю. Бугая""",561,643,194,281,207,324,189,21,27,20,21,20,20,999,931,25,31,66
"Вищий навчальний заклад ""Університет ім. А. Нобеля""",313,642,269,681,416,1033,16,20,24,19,20,19,19,341,172,20,27,-45
"Донецький національний університет ім. В. Стуса",337,635,213,498,250,603,58,18,22,18,19,18,19,800,411,18,25,22
"Таврійський державний агротехнологічний університет ім. Д. Моторного",507,635,208,343,268,428,144,21,28,19,21,18,19,902,776,26,33,53
"Національний університет ""Острозька академія""",254,632,164,424,191,449,55,18,20,18,19,18,19,796,291,18,21,15
"Запорізький державний медичний університет",216,627,538,1188,296,683,-60,20,21,19,20,19,19,286,83,21,19,-62
"Харківський національний медичний університет",309,612,686,1287,586,1084,-55,21,21,19,19,19,19,247,70,20,20,-77
"Полтавський державний медичний університет",220,598,250,567,0,0,-12,18,19,18,19,0,0,431,144,18,18,-35
"Київський національний лінгвістичний університет",126,593,211,1100,186,955,-40,18,20,18,19,18,20,705,145,18,20,15
"Львівський державний університет фізичної культури ім. І. Боберського",443,582,208,311,229,364,113,20,22,18,18,18,18,499,377,20,23,-15
"Центральноукраїнський державний університет ім. В. Винниченка",302,570,129,294,199,400,134,20,22,18,20,20,21,528,311,20,24,3
"Криворізький національний університет",446,561,161,232,265,369,177,19,24,19,20,19,20,756,666,18,28,49
"""Київський медичний університет""",177,545,348,681,241,540,-49,20,19,20,21,20,20,206,56,19,19,-68
"Буковинський державний медичний університет",158,544,420,946,355,889,-62,18,20,18,19,18,19,374,94,17,21,-41
"Державний вищий навчальний заклад ""Український державний хіміко-технологічний університет""",399,536,109,212,119,198,266,19,28,18,20,19,20,644,547,18,32,37
"""Київський міжнародний університет""",318,535,260,545,266,490,22,20,24,21,21,20,20,570,340,20,26,7
"Кам'янець-Подільський національний університет ім. І. Огієнка",333,530,148,330,193,364,125,20,24,19,19,19,20,643,476,20,28,43
"Одеська державна академія будівництва та архітектури",351,511,173,327,205,381,103,23,30,19,21,19,21,873,688,20,33,96
"Львівський національний медичний університет ім. Данила Галицького",128,505,266,628,261,505,-52,18,18,18,19,18,19,281,98,18,18,-23
"Рівненський державний гуманітарний університет",295,496,99,302,115,366,198,20,26,18,18,18,19,674,419,18,29,42
"""Закарпатський угорський інститут ім. Ференца Ракоці ІІ""",218,469,85,311,88,259,156,19,25,18,17,17,18,368,132,18,20,-39
"Миколаївський національний аграрний університет",333,454,175,317,311,547,90,19,23,18,18,18,19,797,647,20,27,94
"Харківський національний університет внутрішніх справ",241,451,393,689,240,560,-39,18,23,18,18,18,18,582,278,18,22,15
"""Інститут інноваційної освіти Київського національного університету будівництва і архітектури""",441,449,100,102,59,59,341,21,26,24,21,0,20,1388,1353,22,31,207
"Чорноморський національний університет ім. П. Могили",236,435,361,747,341,714,-35,20,22,19,19,19,19,582,307,20,22,30
"Хмельницький університет управління та права ім. Л. Юзькова",252,431,113,250,117,230,123,18,24,18,18,18,18,495,309,17,25,23
"Національний університет ""Одеська морська академія""",367,421,366,440,395,462,0,18,20,18,20,19,19,321,283,17,21,-23
"Глухівський національний педагогічний університет ім. О. Довженка",251,414,20,61,30,79,1155,28,31,24,26,28,22,400,329,32,33,31
"Київський університет інтелектуальної власності та права Національного університету ""Одеська юридична академія""",236,410,89,184,0,0,165,18,21,18,19,0,0,602,340,18,24,44
"Херсонський державний аграрно-економічний університет",269,408,236,436,244,458,14,24,29,20,22,20,22,703,558,27,33,107
"Херсонський державний університет",174,392,152,471,192,541,14,22,25,19,19,19,19,547,324,26,31,86
"Київський національний університет культури і мистецтв",130,388,108,384,120,416,20,18,19,18,18,18,18,424,131,18,20,1
"Одеський національний економічний університет",180,385,173,469,197,495,4,18,24,18,18,18,19,613,273,19,26,52
"Державний університет економіки і технологій",233,382,233,363,104,179,0,18,22,18,18,18,19,545,384,18,27,65
"Одеський державний університет внутрішніх справ",136,378,110,259,56,131,24,18,20,18,18,18,18,0,0,0,0,0
"Фаховий коледж ""Освіта"" закладу вищої освіти ""Відкритий міжнародний університет розвитку людини ""Україна""",237,373,352,532,379,518,-33,16,21,17,18,17,19,317,188,17,24,-21
"Таврійський національний університет ім. В.Вернадського",243,371,142,280,123,241,71,20,27,19,21,20,22,486,363,21,29,49
"Академія праці, соціальних відносин і туризму",318,361,48,92,49,94,562,20,32,18,20,19,20,526,494,22,34,55
"Фаховий коледж Міжнародного гуманітарного університету",109,361,131,495,105,346,-17,16,16,16,16,16,17,367,135,16,16,24
"""Академія рекреаційних технологій і права""",303,360,114,168,102,146,166,26,30,26,24,27,24,397,338,26,32,12
"Фаховий коледж Закладу вищої освіти ""Університет Короля Данила""",139,358,170,412,100,218,-18,15,16,16,16,16,16,442,197,15,18,42
"Одеський національний медичний університет",112,346,218,471,232,451,-49,20,19,19,20,19,20,214,69,19,22,-38
"""Фаховий коледж Київського міжнародного університету""",101,344,222,539,155,384,-55,16,16,16,17,16,16,418,134,16,16,33
"Криворізький державний педагогічний університет",129,338,56,245,83,282,130,22,24,19,20,19,19,339,181,22,28,40
"Відокремлений підрозділ ""Дніпровський факультет менеджменту і бізнесу Київського університету культури""",232,330,38,92,61,154,511,18,27,18,20,18,19,262,198,18,30,-15
"""Буковинський університет""",301,326,64,81,66,80,370,20,28,21,19,19,20,253,215,18,26,-29
"Національна академія керівних кадрів культури і мистецтв",133,319,74,235,70,228,80,20,26,20,21,20,20,262,117,20,27,-12
"Державний університет інтелектуальних технологій і зв'язку",275,317,207,259,0,0,33,18,22,18,19,0,0,778,695,19,27,153
"Комунальний заклад ""Кам'янський фаховий медичний коледж"" Дніпропетровської обласної ради""",72,307,54,192,48,171,33,24,20,19,17,20,17,307,53,24,19,-26
"Новомосковський фаховий кооперативний коледж економіки та права ім.С.Литвиненка",120,306,78,224,66,186,54,16,18,16,16,16,16,278,110,16,19,-8
"""Івано-Франківський фаховий коледж Львівського національного університету природокористування""",266,305,77,119,63,106,245,17,29,16,19,18,19,298,257,17,26,-3
"Чернівецький кооперативний фаховий коледж економіки і права",181,305,101,254,100,253,79,16,24,16,16,16,16,217,108,16,19,-40
"Дніпровський державний медичний університет",97,301,477,876,368,632,-80,20,20,20,20,19,20,143,46,19,20,-53
"Мелітопольський державний педагогічний університет ім. Б. Хмельницького",127,298,145,421,149,389,-12,27,29,23,22,23,22,537,348,30,33,174
"Відокремлений підрозділ Національного університету біоресурсів і природокористування України ""Ніжинський агротехнічний інститут""",258,293,54,67,82,93,378,22,25,21,23,22,23,390,372,18,30,44
"Комунальний заклад вищої освіти «Хортицька національна навчально-реабілітаційна академія» Запорізької обласної ради",118,282,31,215,20,111,281,26,30,27,21,26,23,404,216,33,31,83
"""Фаховий коледж мистецтв та дизайну Київського національного університету технологій та дизайну""",46,271,57,392,48,261,-19,16,16,16,16,16,17,355,72,16,20,57
"Національна академія Служби безпеки України",188,263,105,143,41,59,79,19,20,18,19,19,20,318,207,19,20,10
"Львівська національна академія мистецтв",46,257,35,188,35,174,31,19,22,19,21,19,20,193,28,19,21,-39
"""Одеський технічний фаховий коледж Одеського національного технологічного університету""",180,253,200,296,85,157,-10,16,20,18,18,17,18,279,215,16,22,19
"Херсонська державна морська академія",247,247,343,347,297,302,-28,0,23,18,20,18,19,272,268,21,21,9
"""Відкритий міжнародний університет розвитку людини ""Україна"" Вінницький соціально-економічний інститут",182,246,32,82,46,103,469,28,29,28,26,25,21,201,144,31,31,-21
"Комунальний заклад ""Одеський обласний базовий медичний фаховий коледж""",58,244,67,298,63,240,-13,19,17,17,16,17,16,258,49,19,17,-16
"""Хмельницький політехнічний фаховий коледж Національного університету ""Львівська політехніка""",192,238,196,229,166,192,-2,15,16,15,16,15,16,315,258,16,16,34
"Бердянський державний педагогічний університет",144,237,155,364,177,440,-7,24,27,20,20,21,21,437,305,25,29,112
"""Фінансово-правовий коледж""",106,235,129,248,126,257,-18,16,17,16,17,16,17,296,152,17,17,43
"«Технічний фаховий коледж Луцького національного технічного університету»",165,230,179,235,64,102,-8,16,18,16,16,16,16,318,217,15,20,32
"Вінницький ННІ економіки Західноукраїнського національного університету",196,229,61,91,70,116,221,19,28,18,19,19,19,333,316,19,31,61
"Київський національний університет театру, кіно і телебачення ім. І. Карпенка-Карого",90,228,82,197,80,220,10,20,23,19,20,18,19,159,62,19,21,-31
"Харківська державна академія фізичної культури",178,227,93,137,150,213,91,23,25,21,21,21,21,361,287,23,27,61
"Рівненський кооперативний економіко-правовий фаховий коледж",92,226,83,262,83,250,11,16,19,17,16,17,17,298,139,17,26,51
"Комунальний заклад вищої освіти Львівської обласної ради ""Львівська медична академія ім. Андрея Крупинського""",71,225,48,236,35,170,48,19,24,17,17,19,18,186,39,17,20,-45
"Харківський національний університет будівництва та архітектури",201,225,141,217,177,298,43,22,31,20,23,19,21,0,0,0,0,0
"""Східноєвропейський університет ім. Р. Аблязова""",181,224,37,60,57,99,389,19,29,18,28,20,25,164,137,18,31,-24
"Харківська державна академія дизайну і мистецтв",81,222,73,246,66,281,11,20,26,19,22,19,20,211,51,21,26,-37
"«Економіко-правничий фаховий коледж Запорізького національного університету»",73,221,116,299,88,219,-37,16,16,16,16,16,16,154,56,16,16,-23
"Ніжинський державний університет ім. М. Гоголя",132,221,57,135,71,183,132,20,26,19,21,20,21,300,195,23,29,48
"Київський фаховий коледж туризму та готельного господарства",114,220,149,301,140,315,-23,16,17,16,16,16,16,211,96,16,18,-16
"Національний фармацевтичний університет",98,220,169,443,180,507,-42,22,32,19,20,19,20,215,130,24,30,33
"Комунальний заклад вищої освіти ""Вінницька академія безперервної освіти""",146,218,15,70,10,51,873,35,33,40,39,39,34,232,161,38,34,10
"Львівський кооперативний фаховий коледж економіки і права",90,218,134,312,109,254,-33,16,22,16,16,16,16,271,145,16,23,61
"Одеський морехідний фаховий коледж морського та рибопромислового флоту ім. О. Соляника",218,218,362,362,288,288,-40,0,16,0,16,0,16,212,208,16,16,-5
"Хмельницький кооперативний фаховий коледж Хмельницького кооперативного торговельно-економічного інституту",83,218,128,314,99,232,-35,15,16,16,16,16,16,299,102,15,17,23
"""Волинський фаховий коледж Національного університету харчових технологій""",169,217,85,158,75,140,99,16,22,16,16,16,17,175,116,16,23,-31
"Ізмаїльський державний гуманітарний університет",88,217,43,150,48,173,105,21,26,20,24,22,25,220,109,21,31,24
"Вінницький медичний фаховий коледж ім. акад. Д. Заболотного",42,216,30,199,39,207,40,19,17,17,17,16,17,245,45,20,18,7
"Полтавський фаховий кооперативний коледж",77,213,76,227,66,174,1,16,21,16,17,16,17,314,147,17,25,91
"Хмельницький кооперативний торговельно-економічний інститут",128,211,91,157,80,114,41,19,20,20,20,19,20,250,178,18,24,39
"""Київський кооперативний інститут бізнесу і права""",152,210,53,89,61,108,187,20,24,19,20,19,19,260,217,21,29,43
"""Мукачівський фаховий коледж Національного університету біоресурсів і природокористування України""",141,208,82,179,35,82,72,16,22,16,16,15,17,259,183,15,25,30
"""Рівненський фаховий коледж Національного університету біоресурсів і природокористування України""",135,208,103,185,81,127,31,16,19,16,17,17,17,266,164,16,19,21
"Херсонський ННІ Національного університету кораблебудування ім. адмірала Макарова",190,207,153,164,118,133,24,27,29,34,29,27,31,237,216,32,30,14
"Заклад вищої освіти ""Львівський університет бізнесу та права""",190,206,48,67,24,54,296,22,31,20,23,19,21,25,19,19,27,-90
"""Бережанський фаховий коледж Національного університету біоресурсів і природокористування України""",194,205,83,99,104,128,134,23,24,24,22,23,21,236,225,17,28,16
"Черкаський інститут пожежної безпеки ім. Героїв Чорнобиля Національного університету цивільного захисту України",131,205,64,112,55,94,105,18,19,18,18,18,18,291,204,18,19,56
"Черкаська медична академія",45,204,55,255,51,210,-18,19,20,18,19,18,18,313,69,24,21,53
"Полтавський юридичний інститут Національного юридичного університету ім. Ярослава Мудрого",108,200,53,106,71,129,104,18,20,18,19,18,20,250,109,18,19,1
"Вищий навчальний приватний заклад ""Дніпровський гуманітарний університет""",105,199,45,95,57,147,133,19,25,18,20,19,20,186,118,21,28,12
"Галицький фаховий коледж ім. В. Чорновола",91,198,39,131,44,109,133,17,18,16,16,17,17,218,113,16,22,24
"Національний університет цивільного захисту України",142,197,170,274,187,314,-16,20,26,17,18,18,18,329,234,20,21,65
"Фаховий коледж Закладу вищої освіти «Міжнародний науково-технічний університет ім. акад. Ю. Бугая»",114,194,75,121,40,62,52,16,15,16,16,16,16,121,81,16,16,-29
"Малинський фаховий коледж",177,187,68,74,34,49,160,17,27,17,21,17,20,257,247,18,32,40
"ПрАТ """"Запорізький інститут економіки та інформаційних технологій""",157,187,78,116,63,101,101,20,25,18,20,18,19,124,112,19,28,-29
"""Івано-Франківський фаховий коледж фізичного виховання Національного університету фізичного виховання і спорту України""",159,186,109,135,85,102,46,18,20,17,18,17,18,309,272,17,22,71
"Житомирський агротехнічний фаховий коледж",177,186,214,269,128,166,-17,15,20,17,18,18,18,170,158,17,20,-11
"“Київський фаховий коледж комп’ютерних технологій та економіки Національного авіаційного університету”",159,184,146,156,80,86,9,16,16,15,15,16,16,155,133,16,17,-16
"Національна академія статистики, обліку та аудиту",134,181,70,120,86,156,91,18,23,19,20,20,21,208,137,19,24,2
"«Фаховий коледж економіки, права та інформаційних технологій Західноукраїнського національного університету»",96,178,150,276,97,180,-36,16,23,16,17,17,17,442,270,16,24,181
"КОМУНАЛЬНИЙ ЗАКЛАД ""ДНІПРОВСЬКИЙ БАЗОВИЙ ФАХОВИЙ МЕДИЧНИЙ КОЛЕДЖ"" ДНІПРОПЕТРОВСЬКОЇ ОБЛАСНОЇ РАДИ""",32,177,27,194,31,206,19,22,18,19,17,22,17,189,23,21,18,-28
"Університет менеджменту освіти",126,174,26,61,27,76,385,21,31,18,20,18,20,283,235,22,33,87
"Тернопільський кооперативний фаховий коледж",55,174,57,204,34,133,-4,16,21,16,16,16,17,195,80,15,26,45
"""Відкритий міжнародний університет розвитку людини ""Україна"" Луцький інститут розвитку людини",140,173,37,94,57,89,278,23,29,23,25,26,21,259,239,25,32,71
"""Маловисторопський фаховий коледж ім. П. Рибалка Сумського національного аграрного університету""",151,169,88,122,47,60,72,27,31,28,25,24,21,204,203,38,34,34
"""Технологічний фаховий коледж Національного університету ""Львівська політехніка""",90,169,98,216,52,148,-8,16,19,16,16,16,15,142,70,15,19,-22
"""Морехідний фаховий коледж ім. О. Маринеска Національного університету ""Одеська морська академія""",152,168,121,124,112,114,26,15,17,17,18,22,18,205,182,16,16,20
"Чернівецький транспортний фаховий коледж",165,167,49,53,30,31,237,33,27,21,17,17,18,144,139,17,21,-16
"Фаховий коледж Київського університету інтелектуальної власності та права Національного університету ""Одеська юридична академія""",65,165,94,231,0,0,-31,16,16,16,16,0,0,323,136,16,18,109
"""Фаховий коледж морського транспорту Національного університету ""Одеська морська академія""",160,164,188,190,182,183,-15,15,16,15,15,15,15,156,147,16,16,-8
"Київський фаховий коледж зв'язку",144,164,185,215,185,206,-22,17,18,16,17,16,17,178,154,16,18,7
"Херсонський національний технічний університет",110,164,192,330,213,401,-43,22,22,20,19,19,19,392,282,28,27,156
"""Техніко-економічний фаховий коледж Національного університету ""Львівська політехніка""",109,163,52,107,44,96,110,16,27,16,16,16,17,134,76,15,25,-30
"""Відкритий міжнародний університет розвитку людини ""Україна"" Миколаївський інститут розвитку людини",133,160,63,121,64,110,111,29,28,32,24,34,26,94,65,29,31,-51
"Луцький фаховий коледж рекреаційних технологій і права",137,160,51,85,32,51,169,18,30,16,17,17,17,208,184,17,31,34
"Житомирський кооперативний фаховий коледж бізнесу і права",67,159,85,208,61,141,-21,16,16,16,16,16,16,223,88,16,19,31
"Фаховий коледж Приватного вищого навчального закладу ""Буковинський університет""",148,159,37,61,36,51,300,15,30,16,16,18,17,121,92,16,25,-38
"Приватна установа ""Університет ""Київська школа економіки""",89,158,114,195,67,133,-22,21,24,22,22,25,24,552,276,21,24,210
"«Рівненський автотранспортний фаховий коледж Національного університету водного господарства та природокористування»",149,157,135,143,95,98,10,15,16,16,16,15,16,172,164,16,16,10
"Київський університет права Національної академії наук України",106,157,56,102,57,106,89,18,25,19,21,18,20,214,125,18,25,18
"Національна музична академія України ім. П. Чайковського",79,157,113,206,82,166,-30,26,26,23,24,23,23,92,46,23,26,-42
"""Тернопільський фаховий коледж Тернопільського національного технічного університету ім. І. Пулюя""",145,156,157,181,143,157,-8,16,18,17,17,15,17,193,182,17,20,26
"Харківська державна академія культури",92,155,54,159,62,179,70,22,28,18,20,19,20,152,86,20,27,-7
"Харківський гуманітарний університет ""Народна українська академія""",103,154,16,90,36,137,544,26,33,21,21,20,20,177,132,27,33,28
"Черкаський державний бізнес-коледж",117,154,121,185,70,118,-3,17,22,16,17,17,16,269,166,16,18,42
"Вищий приватний навчальний заклад ""Львівський медичний університет""",62,153,34,68,28,78,82,23,22,22,19,20,19,129,47,22,23,-24
"""Немішаївський фаховий коледж Національного університету біоресурсів і природокористування України """,117,152,96,151,65,115,22,23,23,21,19,24,20,256,216,24,29,85
"Економіко-правовий фаховий коледж Київського кооперативного інституту бізнесу і права",75,152,117,225,76,136,-36,16,17,16,16,16,16,174,96,16,23,28
"Київська державна академія декоративно-прикладного мистецтва і дизайну ім. М. Бойчука",32,152,17,161,33,107,88,20,24,18,20,21,20,138,25,19,25,-22
"Комунальний заклад вищої освіти ""Волинський медичний інститут"" Волинської обласної ради",12,152,3,67,4,67,300,20,19,17,15,17,16,107,5,22,22,-58
"""Фаховий коледж економіки і технологій Національного університету ""Чернігівська політехніка""",62,151,62,194,47,142,0,16,23,16,17,17,17,184,112,17,29,81
"Одеський державний екологічний університет",138,151,50,60,61,88,176,20,23,19,20,18,20,223,210,24,29,52
"Коледж Приватного закладу вищої освіти ""Міжнародний класичний університет ім. П. Орлика""",62,149,77,208,38,96,-19,19,20,17,16,18,17,191,90,19,25,45
"""Охтирський фаховий коледж Сумського національного аграрного університету""",141,148,67,87,20,26,110,17,27,18,17,22,18,240,235,31,33,67
"Маріупольський державний університет",99,148,129,299,157,349,-23,23,27,19,21,19,21,288,219,22,31,121
"Національна академія образотворчого мистецтва і архітектури",36,147,23,118,25,112,57,20,26,19,19,19,20,202,53,19,21,47
"""Відкритий міжнародний університет розвитку людини ""Україна"" Хмельницький інститут соціальних технологій",101,145,49,80,33,69,106,26,25,28,21,28,23,207,158,26,30,56
"""Фаховий коледж інженерії, управління та землевпорядкування Національного авіаційного університету""",92,144,304,438,197,260,-70,16,16,16,16,16,17,159,113,15,16,23
"Вищий навчальний заклад ""Київський університет ринкових відносин"" у формі ТзОВ",129,144,46,63,36,49,180,20,28,20,21,19,21,200,191,19,31,48
"Миколаївський національний університет ім. В. Сухомлинського",86,144,109,215,96,257,-21,23,24,21,23,20,22,161,105,26,26,22
"""Харківський торговельно-економічний фаховий коледж Державного торговельно-економічного університету""",117,142,43,93,57,112,172,21,31,19,19,19,20,281,245,22,32,109
"Харківський кооперативний торгово-економічний фаховий коледж",56,142,114,297,85,203,-51,15,19,16,16,16,16,167,48,16,18,-14
"""Природничо-гуманітарний фаховий коледж Державного вищого навчального закладу ""Ужгородський національний університет""",85,141,119,183,67,107,-29,15,17,15,16,15,16,174,98,15,17,15
"Сумський фаховий коледж економіки і торгівлі",115,141,54,138,36,82,113,18,31,19,19,17,17,345,320,16,36,178
"Фаховий коледж економіки і права Вінницького кооперативного інституту",67,141,54,143,48,102,24,16,24,16,17,16,18,173,82,16,23,22
"Придніпровська державна академія фізичної культури і спорту",98,139,53,66,56,80,85,22,21,22,18,19,20,120,96,19,22,-2
"""Коломийський політехнічний фаховий коледж Національного університету ""Львівська політехніка""",112,136,55,74,31,47,104,16,24,16,16,16,16,93,73,16,21,-35
"«Класичний фаховий коледж Сумського державного університету»",122,136,39,59,11,24,213,28,30,24,22,23,19,333,317,23,34,160
"“Фаховий коледж технологій, бізнесу та права Волинського національного університету ім. Лесі Українки”",72,133,87,191,55,118,-17,16,19,16,17,16,17,158,82,16,18,14
"«Фаховий коледж Чернівецького національного університету ім. Ю. Федьковича»",71,133,90,152,55,106,-21,15,17,16,16,16,16,137,85,15,17,20
"Мукачівський кооперативний фаховий коледж бізнесу",66,133,63,172,67,137,5,15,21,15,16,15,15,154,77,15,18,17
"Донецький державний університет внутрішніх справ",58,132,62,160,52,138,-6,18,22,17,18,18,19,217,66,18,19,14
"Фаховий коледж Класичного приватного університету",65,132,134,234,121,183,-51,16,21,16,16,17,17,141,71,16,28,9
"""Первомайський фаховий коледж Національного університету кораблебудування ім. адмірала Макарова""",85,128,88,151,57,110,-3,16,16,17,17,18,17,158,97,16,18,14
"""Фаховий коледж інформаційних технологій та землевпорядкування Національного авіаційного університету""",107,128,155,202,85,118,-31,17,18,17,17,18,17,0,0,0,0,0
"""Луганський державний медичний університет""",40,127,73,146,23,52,-45,21,19,22,21,19,20,61,22,23,23,-45
"Вінницький технічний фаховий коледж",111,127,140,158,121,131,-21,15,16,16,16,16,16,199,161,16,16,45
"Заклад фахової передвищої освіти «Київський міський медичний фаховий коледж»",52,126,56,135,52,136,-7,19,18,18,16,19,18,126,49,17,18,-6
"Одеська національна музична академія ім. А.В. Нежданової",61,125,70,152,82,153,-13,25,25,23,25,22,23,92,53,24,26,-13
"ПрАТ «Українсько-Польський вищий навчальний заклад ""Центрально-Європейський університет»",96,125,65,98,95,132,48,27,29,25,26,24,25,109,103,20,30,7
"Сумська філія Харківського національного університету внутрішніх справ",68,125,45,103,32,76,51,18,28,18,19,18,19,151,75,18,23,10
"Харківський автомобільно-дорожній фаховий коледж",108,125,89,150,66,119,21,17,29,16,17,18,19,168,138,16,29,28
"""Одеський автомобільно-дорожній фаховий коледж Національного університету ""Одеська політехніка""",112,124,161,182,0,0,-30,19,21,18,17,0,0,163,146,18,21,30
"""Фаховий коледж Кременчуцького національного університету ім. М. Остроградського""",89,123,80,131,86,124,11,16,19,16,17,16,19,129,91,17,22,2
"Донбаська державна машинобудівна академія",92,123,39,55,58,88,136,25,25,20,19,19,19,198,167,20,24,82
"""Полтавський фаховий коледж Національного юридичного університету ім. Ярослава Мудрого""",37,122,44,143,43,96,-16,16,17,16,16,16,16,125,36,15,16,-3
"""Фаховий коледж нафтогазових технологій, інженерії та інфраструктури сервісу Одеського національного технологічного університету""",59,122,104,244,82,200,-43,16,20,17,17,16,17,117,57,16,23,-3
"Приватний фаховий навчальний заклад «Медичний коледж»",33,122,28,155,36,128,18,17,17,17,17,17,16,111,30,18,19,-9
"Житомирський базовий фармацевтичний фаховий коледж Житомирської обласної ради",4,121,20,161,12,133,-80,16,15,16,16,16,16,96,31,16,31,675
"""Виноградівський фаховий коледж Мукачівського державного університету""",98,120,44,76,14,24,123,16,27,16,16,15,16,73,63,16,28,-36
"""Стрийський фаховий коледж Львівського національного університету природокористування""",83,120,51,74,53,84,63,16,22,15,16,16,16,100,64,15,20,-23
"Білгород-Дністровський економіко-правовий фаховий коледж Полтавського університету економіки і торгівлі",43,120,31,106,37,101,39,16,18,16,17,16,17,118,38,16,18,-12
"""Український гуманітарний інститут""",69,119,33,85,41,86,109,18,24,18,20,18,20,182,115,20,31,67
"""Арт академія сучасного мистецтва ім. С. Далі""",53,118,36,121,42,112,47,21,26,18,23,19,20,95,48,19,26,-9
"""Фаховий коледж транспорту та комп`ютерних технологій Національного університету ""Чернігівська політехніка""",112,117,173,181,125,133,-35,15,16,15,16,16,16,81,74,15,18,-34
"«Вишнянський фаховий коледж Львівського національного університету природокористування»",105,117,43,81,56,90,144,22,28,16,17,19,20,103,78,17,25,-26
"Львівська національна музична академія ім. М.В.Лисенка",56,116,53,97,43,103,6,22,24,22,23,22,23,110,63,21,23,12
"""Криворізький фаховий коледж Національного авіаційного університету""",93,115,167,194,81,110,-44,19,19,17,18,19,20,206,181,19,22,95
"Академія Державної пенітенціарної служби",46,114,37,104,48,83,24,18,19,17,18,18,18,107,55,18,20,20
"Медичний фаховий коледж Міжнародного гуманітарного університету",16,113,24,195,22,104,-33,16,19,17,16,18,18,142,16,17,21,0
"«Уманський фаховий коледж технологій та бізнесу Уманського національного університету садівництва»",88,112,83,107,52,59,6,17,18,16,16,15,16,71,60,15,17,-32
"Хмельницький базовий медичний фаховий коледж",10,111,11,115,11,104,-9,19,15,16,15,16,15,105,12,17,15,20
"Київський фаховий коледж прикладних наук",24,109,36,150,18,77,-33,16,17,17,17,18,18,182,73,16,32,204
"Чернівецький медичний фаховий коледж",28,107,23,146,13,99,22,20,21,19,18,20,18,135,20,22,21,-29
"Одеський фаховий коледж транспортних технологій",85,105,76,127,44,63,12,19,23,18,18,18,18,151,116,19,23,36
"""Інститут екології економіки і права""",94,104,51,84,48,68,84,23,29,24,24,22,24,128,103,23,32,10
"Державний вищий навчальний заклад ""Приазовський державний технічний університет""",75,104,126,216,234,411,-40,28,29,19,19,19,20,614,543,31,35,624
"Луцький кооперативний фаховий коледж Львівського торговельно-економічного університету",46,104,35,113,25,77,31,16,21,16,17,17,18,100,35,16,19,-24
"Структурний підрозділ ""Фаховий коледж економіки та інформаційних технологій"" ПрАТ """"Запорізький інститут економіки та інформаційних технологій""",69,104,98,166,30,64,-30,16,16,16,16,16,16,82,48,16,16,-30
"Первомайський ННІ Національного університету кораблебудування ім. адмірала Макарова",85,103,38,57,39,57,124,21,23,23,22,21,21,208,200,19,27,135
"Чернівецький фаховий коледж технологій та дизайну",69,103,9,62,6,25,667,17,33,18,23,16,18,55,30,17,24,-57
"Вінницький кооперативний інститут",91,102,35,58,58,76,160,18,23,22,20,19,20,115,105,19,27,15
"Комунальний заклад фахової передвищої освіти ""Івано-Франківський медичний фаховий коледж"" Івано-Франківської обласної ради",9,101,16,123,15,108,-44,16,16,17,16,17,16,115,13,17,19,44
"фаховий коледж Житомирського медичного інституту Житомирської обласної ради",34,101,40,119,30,75,-15,18,17,17,17,17,16,132,32,17,19,-6
"Черкаський кооперативний економіко-правовий фаховий коледж Полтавського університету економіки і торгівлі",52,101,48,131,29,81,8,16,21,16,16,16,16,125,53,16,27,2
